{
    "mse": 0.7901173670142205,
    "rmse": 0.8888854633833431,
    "mae": 0.6891729158851537,
    "r2": 0.26178578209130887
}